{"node18": [1.8686581770066566, 1.443882247608555e-06], "node7": [1.0300943446218729, -7.483730215412641e-05]}