{"node11": [1.6778906618883933, 0.00019710231671749785], "node5": [0.49055397338214685, -4.492312711521469e-05], "node6": [1.0477283265760797, -9.135308318411712e-06], "node8": [1.280284402999857, 1.3649226384162375e-05], "node9": [1.587353010872756, -4.418541756994009e-05]}