{"node11": [1.5594623146951252, 0.00016099434334171104], "node18": [1.7367651374905906, 1.3419706081853206e-06], "node5": [0.45592984822529414, -6.394853728061523e-05], "node6": [0.9737778977177856, -3.068668297364829e-05], "node7": [0.9573885518919676, -6.955515939963868e-05], "node8": [1.1899197748220298, -9.510319082011696e-06], "node9": [1.4753149634839313, -6.326289651678153e-05]}