{"node11": [1.5594623146951252, 0.00018832107427890405], "node18": [1.7367651374905906, 2.8668701545378312e-05], "node5": [0.45592984822529414, -3.6621806343422236e-05], "node6": [0.9737778977177856, -3.3599520364552955e-06], "node7": [0.9573885518919676, -4.222842846244569e-05], "node8": [1.1899197748220298, 1.7816411855181297e-05], "node9": [1.4753149634839313, -3.5936165579588536e-05]}